{"cameraMode":{"drawMode":0,"name":"Shaded","section":"Shading Mode"},"sceneLighting":true,"audioPlay":false,"sceneViewState":{"m_AlwaysRefresh":false,"showFog":false,"showSkybox":false,"showFlares":false,"showImageEffects":true,"showParticleSystems":true,"showVisualEffectGraphs":true,"m_FxEnabled":true},"in2DMode":false,"pivot":{"x":5.4749956130981449,"y":-19.303630828857423,"z":33.758419036865237},"rotation":{"x":0.2605859339237213,"y":0.052032019942998889,"z":-0.01430471707135439,"w":0.9640823602676392},"size":23.491161346435548,"orthographic":false}