{"cameraMode":{"drawMode":0,"name":"Shaded","section":"Shading Mode"},"sceneLighting":true,"audioPlay":false,"sceneViewState":{"m_AlwaysRefresh":false,"showFog":false,"showSkybox":false,"showFlares":false,"showImageEffects":true,"showParticleSystems":true,"showVisualEffectGraphs":true,"m_FxEnabled":true},"in2DMode":false,"pivot":{"x":19.255949020385743,"y":-26.500194549560548,"z":61.68046951293945},"rotation":{"x":0.19008275866508485,"y":0.1501181274652481,"z":-0.029322383925318719,"w":0.9699793457984924},"size":39.88369369506836,"orthographic":false}