{"cameraMode":{"drawMode":0,"name":"Shaded","section":"Shading Mode"},"sceneLighting":true,"audioPlay":false,"sceneViewState":{"m_AlwaysRefresh":false,"showFog":false,"showSkybox":false,"showFlares":false,"showImageEffects":true,"showParticleSystems":true,"showVisualEffectGraphs":true,"m_FxEnabled":true},"in2DMode":false,"pivot":{"x":-1.7094615697860718,"y":0.8900145292282105,"z":7.428247451782227},"rotation":{"x":0.03860672190785408,"y":-0.13983167707920075,"z":0.005456923507153988,"w":0.9894142746925354},"size":11.415623664855957,"orthographic":false}