{"cameraMode":{"drawMode":0,"name":"Shaded","section":"Shading Mode"},"sceneLighting":true,"audioPlay":false,"sceneViewState":{"m_AlwaysRefresh":false,"showFog":false,"showSkybox":false,"showFlares":false,"showImageEffects":true,"showParticleSystems":true,"showVisualEffectGraphs":true,"m_FxEnabled":true},"in2DMode":false,"pivot":{"x":26.522306442260743,"y":-11.094709396362305,"z":2.9185309410095217},"rotation":{"x":0.16209416091442109,"y":0.6334438323974609,"z":-0.13798318803310395,"w":0.7440017461776733},"size":18.112041473388673,"orthographic":false}